"sep=,"
Bosch Connected Devices and Solutions
"CISS Raw Data Log File in csv Format, Generated by: CISS Python Scripts v03.01.00"
Explanation: In this log file the measurement values (raw-data) from the sensors are reported.
Accelerometer Measurement Range: ±16g
Accelerometer Sampling Rate: disabled
Accelerometer Unit: mg
Magnetometer Measurement Range: ±1300µT (x and y-Axis); ±2500µT (z-Axis)
Magnetometer Sampling Rate: disabled
Magnetometer Unit: Micro Tesla (µT)
Gyroscope Measurement Range: ±2000°/s
Gyroscope Sampling Rate: disabled
Gyroscope Unit: Degree/Second (°/s)
Light Measurement Range: 0 - 2112800 lux
Light Sampling Rate: disabled
Light Unit: lux
Temperature Measurement Range: -20ºC – +80°C
Temperature Sampling Rate: 1.0Hz (1000.0ms)
Temperature Units: Degree Celcius (°C)
Humidity Measurement Range: 20 - 90% rH (non-condensing)
Humidity Sampling Rate: 1.0Hz (1000.0ms)
Humidity Units: % Relative Humidity (rH)
Pressure Measurement Range: 300 - 1100 hPa
Pressure Sampling Rate: 1.0Hz (1000.0ms)
Pressure Units: hPa
"Noise/Acustic Measurement Range: 0 - 4096 (not available via USB, available only via BLE)"
Noise/Acustic Sampling Rate: disabled
Noise/Acustic Units: no unit (0-100% with 0-4096 range)
 
Unix TimeStamp (ms),Measurement Type,Data / x_axis,y_axis,z_axis
1626852420783,Temperature,25.0
1626852420829,Humidity,46.07
1626852420831,Pressure,995.21
1626852421732,Temperature,25.1
1626852421748,Humidity,46.02
1626852421767,Pressure,995.2
1626852422732,Temperature,25.1
1626852422769,Humidity,46.01
1626852422779,Pressure,995.22
1626852423732,Temperature,25.1
1626852423754,Humidity,45.96
1626852423766,Pressure,995.16
1626852424732,Temperature,25.1
1626852424761,Humidity,45.94
1626852424764,Pressure,995.23
1626852425732,Temperature,25.1
1626852425772,Humidity,45.93
1626852425775,Pressure,995.21
1626852426732,Temperature,25.1
1626852426758,Humidity,45.92
1626852426786,Pressure,995.23
1626852427733,Temperature,25.1
1626852427761,Humidity,45.91
1626852427764,Pressure,995.21
1626852428732,Temperature,25.1
1626852428763,Humidity,45.91
1626852428776,Pressure,995.18
1626852429732,Temperature,25.1
1626852429761,Humidity,45.88
1626852429763,Pressure,995.21
1626852430732,Temperature,25.1
1626852430764,Humidity,45.88
1626852430780,Pressure,995.16
1626852431733,Temperature,25.1
1626852431761,Humidity,45.91
1626852431764,Pressure,995.22
1626852432732,Temperature,25.1
1626852432754,Humidity,45.87
1626852432775,Pressure,995.19
1626852433732,Temperature,25.1
1626852433768,Humidity,45.86
1626852433771,Pressure,995.23
1626852434732,Temperature,25.1
1626852434761,Humidity,45.87
1626852434771,Pressure,995.23
1626852435733,Temperature,25.1
1626852435764,Humidity,45.84
1626852435780,Pressure,995.16
1626852436732,Temperature,25.1
1626852436753,Humidity,45.85
1626852436786,Pressure,995.19
1626852437732,Temperature,25.1
1626852437762,Humidity,45.86
1626852437775,Pressure,995.18
1626852438732,Temperature,25.1
1626852438761,Humidity,45.85
1626852438764,Pressure,995.23
1626852439732,Temperature,25.1
1626852439754,Humidity,45.83
1626852439775,Pressure,995.18
1626852440732,Temperature,25.1
1626852440758,Humidity,45.83
1626852440761,Pressure,995.21
1626852441732,Temperature,25.1
1626852441753,Humidity,45.83
1626852441765,Pressure,995.18
1626852442732,Temperature,25.1
1626852442764,Humidity,45.86
1626852442776,Pressure,995.21
1626852443733,Temperature,25.1
1626852443768,Humidity,45.83
1626852443771,Pressure,995.16
1626852444732,Temperature,25.1
1626852444764,Humidity,45.82
1626852444776,Pressure,995.21
1626852445732,Temperature,25.1
1626852445763,Humidity,45.82
1626852445785,Pressure,995.19
1626852446732,Temperature,25.1
1626852446764,Humidity,45.82
1626852446767,Pressure,995.22
1626852447732,Temperature,25.1
1626852447752,Humidity,45.82
1626852447775,Pressure,995.22
1626852448732,Temperature,25.1
1626852448761,Humidity,45.78
1626852448764,Pressure,995.19
1626852449732,Temperature,25.1
1626852449768,Humidity,45.81
1626852449785,Pressure,995.21
1626852450733,Temperature,25.1
1626852450760,Humidity,45.8
1626852450762,Pressure,995.18
1626852451732,Temperature,25.1
1626852451763,Humidity,45.8
1626852451776,Pressure,995.23
1626852452732,Temperature,25.1
1626852452762,Humidity,45.8
1626852452764,Pressure,995.19
1626852453732,Temperature,25.1
1626852453764,Humidity,45.78
1626852453775,Pressure,995.21
1626852454731,Temperature,25.1
1626852454779,Humidity,45.8
1626852454781,Pressure,995.18
1626852455732,Temperature,25.1
1626852455764,Humidity,45.78
1626852455776,Pressure,995.19
1626852456732,Temperature,25.1
1626852456764,Humidity,45.8
1626852456776,Pressure,995.16
1626852457731,Temperature,25.1
1626852457755,Humidity,45.78
1626852457768,Pressure,995.17
1626852458732,Temperature,25.1
1626852458754,Humidity,45.78
1626852458767,Pressure,995.17
1626852459732,Temperature,25.1
1626852459761,Humidity,45.78
1626852459777,Pressure,995.19
1626852460732,Temperature,25.1
1626852460764,Humidity,45.77
1626852460777,Pressure,995.23
1626852461732,Temperature,25.1
1626852461763,Humidity,45.78
1626852461776,Pressure,995.17
1626852462731,Temperature,25.1
1626852462770,Humidity,45.78
1626852462773,Pressure,995.25
1626852463732,Temperature,25.1
1626852463761,Humidity,45.77
1626852463764,Pressure,995.22
1626852464732,Temperature,25.1
1626852464764,Humidity,45.76
1626852464767,Pressure,995.17
1626852465732,Temperature,25.1
1626852465764,Humidity,45.76
1626852465775,Pressure,995.25
1626852466732,Temperature,25.1
1626852466754,Humidity,45.76
1626852466770,Pressure,995.25
1626852467731,Temperature,25.1
1626852467764,Humidity,45.76
1626852467767,Pressure,995.21
1626852468732,Temperature,25.1
1626852468764,Humidity,45.76
1626852468777,Pressure,995.18
1626852469732,Temperature,25.1
1626852469766,Humidity,45.76
1626852469768,Pressure,995.19
1626852470732,Temperature,25.1
1626852470763,Humidity,45.76
1626852470772,Pressure,995.18
1626852471732,Temperature,25.1
1626852471764,Humidity,45.75
1626852471776,Pressure,995.19
1626852472731,Temperature,25.1
1626852472754,Humidity,45.76
1626852472787,Pressure,995.17
1626852473731,Temperature,25.1
1626852473763,Humidity,45.73
1626852473776,Pressure,995.19
1626852474732,Temperature,25.1
1626852474764,Humidity,45.73
1626852474767,Pressure,995.15
1626852475732,Temperature,25.1
1626852475764,Humidity,45.73
1626852475783,Pressure,995.18
1626852476732,Temperature,25.1
1626852476764,Humidity,45.73
1626852476775,Pressure,995.23
1626852477732,Temperature,25.1
1626852477761,Humidity,45.73
1626852477764,Pressure,995.22
1626852478731,Temperature,25.1
1626852478761,Humidity,45.73
1626852478763,Pressure,995.23
1626852479732,Temperature,25.1
1626852479764,Humidity,45.72
1626852479766,Pressure,995.23
1626852480731,Temperature,25.1
1626852480764,Humidity,45.71
1626852480767,Pressure,995.26
1626852481732,Temperature,25.1
1626852481767,Humidity,45.72
1626852481769,Pressure,995.22
1626852482732,Temperature,25.1
1626852482764,Humidity,45.72
1626852482767,Pressure,995.21
1626852483731,Temperature,25.1
1626852483763,Humidity,45.71
1626852483786,Pressure,995.25
1626852484731,Temperature,25.1
1626852484763,Humidity,45.7
1626852484766,Pressure,995.19
1626852485732,Temperature,25.1
1626852485766,Humidity,45.71
1626852485769,Pressure,995.23
1626852486731,Temperature,25.1
1626852486753,Humidity,45.7
1626852486782,Pressure,995.17
1626852487732,Temperature,25.1
1626852487764,Humidity,45.67
1626852487767,Pressure,995.18
1626852488731,Temperature,25.1
1626852488763,Humidity,45.7
1626852488786,Pressure,995.23
1626852489731,Temperature,25.1
1626852489753,Humidity,45.67
1626852489776,Pressure,995.26
1626852490732,Temperature,25.1
1626852490764,Humidity,45.68
1626852490767,Pressure,995.29
1626852491732,Temperature,25.1
1626852491764,Humidity,45.67
1626852491767,Pressure,995.21
1626852492732,Temperature,25.1
1626852492764,Humidity,45.66
1626852492781,Pressure,995.15
1626852493732,Temperature,25.1
1626852493767,Humidity,45.67
1626852493770,Pressure,995.22
1626852494731,Temperature,25.1
1626852494765,Humidity,45.66
1626852494768,Pressure,995.21
1626852495732,Temperature,25.1
1626852495761,Humidity,45.66
1626852495764,Pressure,995.23
1626852496732,Temperature,25.1
1626852496761,Humidity,45.66
1626852496764,Pressure,995.19
1626852497732,Temperature,25.1
1626852497768,Humidity,45.65
1626852497770,Pressure,995.19
1626852498731,Temperature,25.1
1626852498754,Humidity,45.65
1626852498766,Pressure,995.19
1626852499731,Temperature,25.1
1626852499765,Humidity,45.63
1626852499768,Pressure,995.26
1626852500732,Temperature,25.1
1626852500764,Humidity,45.63
1626852500767,Pressure,995.19
1626852501732,Temperature,25.1
1626852501765,Humidity,45.62
1626852501768,Pressure,995.19
1626852502731,Temperature,25.1
1626852502790,Humidity,45.63
1626852502793,Pressure,995.26
1626852503732,Temperature,25.1
1626852503766,Humidity,45.63
1626852503769,Pressure,995.19
1626852504731,Temperature,25.1
1626852504754,Humidity,45.62
1626852504777,Pressure,995.22
1626852505731,Temperature,25.1
1626852505761,Humidity,45.6
1626852505764,Pressure,995.21
1626852506732,Temperature,25.1
1626852506758,Humidity,45.61
1626852506786,Pressure,995.23
1626852507731,Temperature,25.1
1626852507762,Humidity,45.62
1626852507764,Pressure,995.18
1626852508732,Temperature,25.1
1626852508768,Humidity,45.6
1626852508771,Pressure,995.21
1626852509732,Temperature,25.1
1626852509765,Humidity,45.61
1626852509768,Pressure,995.21
1626852510731,Temperature,25.1
1626852510766,Humidity,45.61
1626852510769,Pressure,995.21
1626852511731,Temperature,25.1
1626852511763,Humidity,45.6
1626852511775,Pressure,995.21
1626852512731,Temperature,25.1
1626852512763,Humidity,45.58
1626852512766,Pressure,995.23
1626852513731,Temperature,25.1
1626852513761,Humidity,45.6
1626852513769,Pressure,995.24
1626852514731,Temperature,25.1
1626852514761,Humidity,45.58
1626852514764,Pressure,995.21
1626852515732,Temperature,25.1
1626852515772,Humidity,45.57
1626852515774,Pressure,995.17
1626852516732,Temperature,25.1
1626852516766,Humidity,45.57
1626852516768,Pressure,995.25
1626852517731,Temperature,25.1
1626852517765,Humidity,45.56
1626852517768,Pressure,995.22
1626852518731,Temperature,25.1
1626852518769,Humidity,45.57
1626852518772,Pressure,995.19
1626852519731,Temperature,25.1
1626852519758,Humidity,45.56
1626852519777,Pressure,995.19
1626852520732,Temperature,25.1
1626852520755,Humidity,45.57
1626852520768,Pressure,995.22
1626852521731,Temperature,25.1
1626852521777,Humidity,45.56
1626852521780,Pressure,995.22
1626852522731,Temperature,25.1
1626852522776,Humidity,45.56
1626852522778,Pressure,995.14
1626852523732,Temperature,25.1
1626852523755,Humidity,45.56
1626852523774,Pressure,995.19
1626852524731,Temperature,25.1
1626852524758,Humidity,45.55
1626852524767,Pressure,995.19
1626852525732,Temperature,25.1
1626852525764,Humidity,45.56
1626852525772,Pressure,995.21
1626852526732,Temperature,25.1
1626852526761,Humidity,45.56
1626852526764,Pressure,995.26
1626852527731,Temperature,25.1
1626852527756,Humidity,45.55
1626852527766,Pressure,995.19
1626852528731,Temperature,25.1
1626852528761,Humidity,45.55
1626852528764,Pressure,995.22
1626852529731,Temperature,25.1
1626852529768,Humidity,45.53
1626852529770,Pressure,995.21
1626852530731,Temperature,25.1
1626852530765,Humidity,45.55
1626852530768,Pressure,995.19
1626852531731,Temperature,25.1
1626852531761,Humidity,45.52
1626852531764,Pressure,995.19
1626852532732,Temperature,25.1
1626852532761,Humidity,45.52
1626852532764,Pressure,995.15
1626852533732,Temperature,25.1
1626852533762,Humidity,45.51
1626852533764,Pressure,995.15
1626852534731,Temperature,25.1
1626852534755,Humidity,45.52
1626852534766,Pressure,995.25
1626852535732,Temperature,25.1
1626852535763,Humidity,45.51
1626852535776,Pressure,995.18
1626852536731,Temperature,25.1
1626852536763,Humidity,45.51
1626852536776,Pressure,995.19
1626852537731,Temperature,25.1
1626852537766,Humidity,45.52
1626852537768,Pressure,995.19
1626852538731,Temperature,25.1
1626852538766,Humidity,45.52
1626852538768,Pressure,995.18
1626852539731,Temperature,25.1
1626852539763,Humidity,45.51
1626852539779,Pressure,995.14
1626852540732,Temperature,25.1
1626852540764,Humidity,45.5
1626852540775,Pressure,995.17
1626852541731,Temperature,25.1
1626852541762,Humidity,45.51
1626852541765,Pressure,995.21
1626852542731,Temperature,25.1
1626852542765,Humidity,45.5
1626852542768,Pressure,995.19
1626852543732,Temperature,25.1
1626852543764,Humidity,45.5
1626852543767,Pressure,995.17
1626852544731,Temperature,25.1
1626852544772,Humidity,45.49
1626852544787,Pressure,995.18
1626852545732,Temperature,25.1
1626852545755,Humidity,45.49
1626852545768,Pressure,995.17
1626852546731,Temperature,25.1
1626852546761,Humidity,45.49
1626852546764,Pressure,995.18
1626852547731,Temperature,25.1
1626852547763,Humidity,45.5
1626852547776,Pressure,995.22
1626852548732,Temperature,25.1
1626852548768,Humidity,45.47
1626852548771,Pressure,995.22
1626852549732,Temperature,25.1
1626852549755,Humidity,45.5
1626852549774,Pressure,995.19
1626852550731,Temperature,25.1
1626852550761,Humidity,45.49
1626852550764,Pressure,995.22
1626852551731,Temperature,25.1
1626852551763,Humidity,45.46
1626852551766,Pressure,995.18
1626852552731,Temperature,25.1
1626852552766,Humidity,45.47
1626852552769,Pressure,995.22
1626852553731,Temperature,25.1
1626852553761,Humidity,45.46
1626852553764,Pressure,995.22
1626852554732,Temperature,25.1
1626852554777,Humidity,45.46
1626852554780,Pressure,995.22
1626852555731,Temperature,25.1
1626852555765,Humidity,45.46
1626852555768,Pressure,995.24
1626852556732,Temperature,25.1
1626852556759,Humidity,45.42
1626852556786,Pressure,995.23
1626852557731,Temperature,25.1
1626852557763,Humidity,45.46
1626852557776,Pressure,995.23
1626852558731,Temperature,25.1
1626852558753,Humidity,45.44
1626852558785,Pressure,995.19
1626852559731,Temperature,25.1
1626852559761,Humidity,45.44
1626852559763,Pressure,995.22
1626852560731,Temperature,25.1
1626852560761,Humidity,45.42
1626852560764,Pressure,995.19
1626852561730,Temperature,25.1
1626852561763,Humidity,45.42
1626852561776,Pressure,995.22
1626852562731,Temperature,25.1
1626852562760,Humidity,45.42
1626852562762,Pressure,995.18
1626852563731,Temperature,25.1
1626852563759,Humidity,45.42
1626852563761,Pressure,995.22
1626852564731,Temperature,25.1
1626852564759,Humidity,45.4
1626852564761,Pressure,995.24
1626852565730,Temperature,25.1
1626852565782,Humidity,45.41
1626852565784,Pressure,995.22
1626852566730,Temperature,25.1
1626852566772,Humidity,45.42
1626852566776,Pressure,995.19
1626852567730,Temperature,25.1
1626852567777,Humidity,45.42
1626852567779,Pressure,995.17
1626852568730,Temperature,25.1
1626852568760,Humidity,45.41
1626852568762,Pressure,995.19
1626852569730,Temperature,25.1
1626852569760,Humidity,45.41
1626852569762,Pressure,995.19
1626852570731,Temperature,25.1
1626852570761,Humidity,45.4
1626852570764,Pressure,995.19
1626852571731,Temperature,25.1
1626852571761,Humidity,45.41
1626852571764,Pressure,995.21
1626852572731,Temperature,25.1
1626852572758,Humidity,45.4
1626852572776,Pressure,995.17
1626852573731,Temperature,25.1
1626852573766,Humidity,45.4
1626852573769,Pressure,995.22
1626852574731,Temperature,25.1
1626852574763,Humidity,45.39
1626852574772,Pressure,995.18
1626852575731,Temperature,25.1
1626852575761,Humidity,45.4
1626852575764,Pressure,995.15
1626852576731,Temperature,25.1
1626852576755,Humidity,45.39
1626852576768,Pressure,995.19
1626852577731,Temperature,25.1
1626852577763,Humidity,45.39
1626852577775,Pressure,995.17
1626852578730,Temperature,25.1
1626852578761,Humidity,45.39
1626852578764,Pressure,995.15
1626852579731,Temperature,25.1
1626852579761,Humidity,45.37
1626852579764,Pressure,995.19
1626852580731,Temperature,25.1
1626852580759,Humidity,45.37
1626852580762,Pressure,995.21
1626852581730,Temperature,25.1
1626852581761,Humidity,45.39
1626852581763,Pressure,995.21
1626852582731,Temperature,25.1
1626852582766,Humidity,45.37
1626852582768,Pressure,995.18
1626852583731,Temperature,25.1
1626852583755,Humidity,45.37
1626852583768,Pressure,995.17
1626852584730,Temperature,25.1
1626852584755,Humidity,45.36
1626852584768,Pressure,995.21
1626852585731,Temperature,25.1
1626852585761,Humidity,45.37
1626852585764,Pressure,995.19
1626852586731,Temperature,25.1
1626852586755,Humidity,45.35
1626852586775,Pressure,995.22
1626852587731,Temperature,25.1
1626852587763,Humidity,45.37
1626852587776,Pressure,995.19
1626852588731,Temperature,25.1
1626852588755,Humidity,45.35
1626852588768,Pressure,995.18
1626852589730,Temperature,25.1
1626852589776,Humidity,45.36
1626852589779,Pressure,995.17
1626852590731,Temperature,25.1
1626852590751,Humidity,45.37
1626852590753,Pressure,995.19
1626852591731,Temperature,25.1
1626852591762,Humidity,45.36
1626852591764,Pressure,995.17
1626852592730,Temperature,25.1
1626852592762,Humidity,45.36
1626852592765,Pressure,995.15
1626852593731,Temperature,25.1
1626852593776,Humidity,45.36
1626852593779,Pressure,995.15
1626852594730,Temperature,25.1
1626852594763,Humidity,45.36
1626852594775,Pressure,995.22
1626852595731,Temperature,25.1
1626852595762,Humidity,45.35
1626852595775,Pressure,995.17
1626852596731,Temperature,25.1
1626852596768,Humidity,45.35
1626852596770,Pressure,995.17
1626852597730,Temperature,25.1
1626852597750,Humidity,45.35
1626852597752,Pressure,995.14
1626852598731,Temperature,25.1
1626852598763,Humidity,45.35
1626852598779,Pressure,995.21
1626852599730,Temperature,25.1
1626852599755,Humidity,45.34
1626852599768,Pressure,995.18
1626852600730,Temperature,25.1
1626852600755,Humidity,45.36
1626852600768,Pressure,995.19
1626852601731,Temperature,25.1
1626852601766,Humidity,45.34
1626852601768,Pressure,995.22
1626852602731,Temperature,25.1
1626852602770,Humidity,45.33
1626852602773,Pressure,995.17
1626852603731,Temperature,25.1
1626852603758,Humidity,45.34
1626852603786,Pressure,995.21
1626852604731,Temperature,25.1
1626852604761,Humidity,45.33
1626852604763,Pressure,995.21
1626852605730,Temperature,25.1
1626852605760,Humidity,45.34
1626852605767,Pressure,995.15
1626852606731,Temperature,25.1
1626852606751,Humidity,45.35
1626852606753,Pressure,995.17
1626852607731,Temperature,25.1
1626852607765,Humidity,45.32
1626852607775,Pressure,995.19
1626852608730,Temperature,25.1
1626852608754,Humidity,45.34
1626852608767,Pressure,995.14
1626852609731,Temperature,25.1
1626852609768,Humidity,45.34
1626852609770,Pressure,995.18
1626852610730,Temperature,25.1
1626852610754,Humidity,45.34
1626852610767,Pressure,995.18
1626852611731,Temperature,25.1
1626852611765,Humidity,45.34
1626852611768,Pressure,995.17
1626852612730,Temperature,25.1
1626852612762,Humidity,45.34
1626852612765,Pressure,995.19
1626852613731,Temperature,25.1
1626852613752,Humidity,45.33
1626852613775,Pressure,995.23
1626852614730,Temperature,25.1
1626852614754,Humidity,45.33
1626852614767,Pressure,995.17
1626852615731,Temperature,25.1
1626852615764,Humidity,45.34
1626852615787,Pressure,995.14
1626852616731,Temperature,25.1
1626852616765,Humidity,45.33
1626852616768,Pressure,995.19
1626852617731,Temperature,25.1
1626852617763,Humidity,45.33
1626852617785,Pressure,995.23
1626852618731,Temperature,25.1
1626852618755,Humidity,45.31
1626852618768,Pressure,995.22
1626852619730,Temperature,25.1
1626852619755,Humidity,45.34
1626852619768,Pressure,995.22
1626852620731,Temperature,25.1
1626852620762,Humidity,45.31
1626852620765,Pressure,995.17
1626852621731,Temperature,25.1
1626852621758,Humidity,45.33
1626852621761,Pressure,995.18
1626852622730,Temperature,25.1
1626852622762,Humidity,45.33
1626852622765,Pressure,995.15
1626852623730,Temperature,25.1
1626852623750,Humidity,45.33
1626852623752,Pressure,995.12
1626852624731,Temperature,25.1
1626852624765,Humidity,45.31
1626852624768,Pressure,995.18
1626852625730,Temperature,25.1
1626852625760,Humidity,45.31
1626852625772,Pressure,995.23
1626852626731,Temperature,25.1
1626852626753,Humidity,45.31
1626852626786,Pressure,995.18
1626852627731,Temperature,25.1
1626852627755,Humidity,45.33
1626852627768,Pressure,995.18
1626852628730,Temperature,25.1
1626852628776,Humidity,45.32
1626852628779,Pressure,995.15
1626852629731,Temperature,25.1
1626852629764,Humidity,45.33
1626852629774,Pressure,995.21
1626852630730,Temperature,25.1
1626852630755,Humidity,45.31
1626852630768,Pressure,995.18
1626852631731,Temperature,25.1
1626852631763,Humidity,45.31
1626852631786,Pressure,995.17
1626852632730,Temperature,25.1
1626852632763,Humidity,45.33
1626852632776,Pressure,995.15
1626852633730,Temperature,25.1
1626852633752,Humidity,45.31
1626852633755,Pressure,995.21
1626852634731,Temperature,25.1
1626852634758,Humidity,45.32
1626852634786,Pressure,995.21
1626852635730,Temperature,25.1
1626852635759,Humidity,45.3
1626852635776,Pressure,995.18
1626852636730,Temperature,25.1
1626852636762,Humidity,45.31
1626852636764,Pressure,995.19
1626852637730,Temperature,25.1
1626852637763,Humidity,45.31
1626852637776,Pressure,995.19
1626852638731,Temperature,25.1
1626852638765,Humidity,45.3
1626852638768,Pressure,995.17
1626852639730,Temperature,25.1
1626852639758,Humidity,45.31
1626852639776,Pressure,995.15
1626852640731,Temperature,25.1
1626852640755,Humidity,45.3
1626852640768,Pressure,995.17
1626852641730,Temperature,25.1
1626852641760,Humidity,45.3
1626852641763,Pressure,995.14
1626852642731,Temperature,25.1
1626852642754,Humidity,45.3
1626852642767,Pressure,995.15
1626852643730,Temperature,25.1
1626852643754,Humidity,45.3
1626852643767,Pressure,995.21
1626852644730,Temperature,25.1
1626852644755,Humidity,45.3
1626852644774,Pressure,995.14
1626852645731,Temperature,25.1
1626852645765,Humidity,45.29
1626852645768,Pressure,995.22
1626852646730,Temperature,25.1
1626852646755,Humidity,45.29
1626852646768,Pressure,995.17
1626852647731,Temperature,25.1
1626852647765,Humidity,45.29
1626852647769,Pressure,995.19
1626852648730,Temperature,25.1
1626852648755,Humidity,45.3
1626852648768,Pressure,995.17
1626852649730,Temperature,25.1
1626852649766,Humidity,45.29
1626852649775,Pressure,995.18
1626852650731,Temperature,25.1
1626852650750,Humidity,45.3
1626852650753,Pressure,995.17
1626852651731,Temperature,25.1
1626852651761,Humidity,45.29
1626852651764,Pressure,995.17
1626852652730,Temperature,25.1
1626852652765,Humidity,45.27
1626852652768,Pressure,995.21
1626852653731,Temperature,25.1
1626852653763,Humidity,45.27
1626852653776,Pressure,995.17
1626852654730,Temperature,25.1
1626852654761,Humidity,45.27
1626852654763,Pressure,995.18
1626852655730,Temperature,25.1
1626852655761,Humidity,45.28
1626852655764,Pressure,995.19
1626852656730,Temperature,25.1
1626852656770,Humidity,45.26
1626852656773,Pressure,995.15
1626852657730,Temperature,25.1
1626852657761,Humidity,45.29
1626852657764,Pressure,995.15
1626852658731,Temperature,25.1
1626852658770,Humidity,45.29
1626852658773,Pressure,995.17
1626852659731,Temperature,25.1
1626852659765,Humidity,45.28
1626852659768,Pressure,995.15
1626852660730,Temperature,25.1
1626852660776,Humidity,45.27
1626852660778,Pressure,995.17
1626852661730,Temperature,25.1
1626852661768,Humidity,45.26
1626852661771,Pressure,995.14
1626852662730,Temperature,25.1
1626852662762,Humidity,45.25
1626852662764,Pressure,995.18
1626852663731,Temperature,25.1
1626852663753,Humidity,45.26
1626852663786,Pressure,995.15
1626852664730,Temperature,25.1
1626852664755,Humidity,45.27
1626852664768,Pressure,995.14
1626852665730,Temperature,25.1
1626852665775,Humidity,45.25
1626852665778,Pressure,995.18
1626852666731,Temperature,25.1
1626852666752,Humidity,45.26
1626852666775,Pressure,995.15
1626852667731,Temperature,25.1
1626852667758,Humidity,45.25
1626852667776,Pressure,995.18
1626852668730,Temperature,25.1
1626852668760,Humidity,45.25
1626852668763,Pressure,995.19
1626852669731,Temperature,25.1
1626852669763,Humidity,45.26
1626852669778,Pressure,995.15
1626852670730,Temperature,25.1
1626852670763,Humidity,45.26
1626852670779,Pressure,995.24
1626852671730,Temperature,25.1
1626852671765,Humidity,45.27
1626852671768,Pressure,995.13
1626852672730,Temperature,25.1
1626852672755,Humidity,45.25
1626852672768,Pressure,995.18
1626852673730,Temperature,25.1
1626852673762,Humidity,45.26
1626852673764,Pressure,995.15
1626852674730,Temperature,25.1
1626852674750,Humidity,45.26
1626852674753,Pressure,995.17
1626852675730,Temperature,25.1
1626852675765,Humidity,45.24
1626852675775,Pressure,995.15
1626852676730,Temperature,25.1
1626852676765,Humidity,45.26
1626852676768,Pressure,995.15
1626852677731,Temperature,25.1
1626852677766,Humidity,45.25
1626852677768,Pressure,995.19
1626852678730,Temperature,25.1
1626852678755,Humidity,45.25
1626852678768,Pressure,995.13
1626852679730,Temperature,25.1
1626852679761,Humidity,45.26
1626852679763,Pressure,995.18
1626852680730,Temperature,25.1
1626852680774,Humidity,45.26
1626852680778,Pressure,995.15
1626852681730,Temperature,25.1
1626852681762,Humidity,45.25
1626852681765,Pressure,995.1
1626852682730,Temperature,25.1
1626852682762,Humidity,45.24
1626852682764,Pressure,995.17
1626852683730,Temperature,25.1
1626852683769,Humidity,45.25
1626852683771,Pressure,995.14
1626852684730,Temperature,25.1
1626852684752,Humidity,45.25
1626852684754,Pressure,995.21
1626852685730,Temperature,25.1
1626852685754,Humidity,45.24
1626852685776,Pressure,995.15
1626852686730,Temperature,25.1
1626852686755,Humidity,45.24
1626852686768,Pressure,995.15
1626852687730,Temperature,25.1
1626852687755,Humidity,45.24
1626852687768,Pressure,995.15
1626852688730,Temperature,25.1
1626852688762,Humidity,45.21
1626852688765,Pressure,995.14
1626852689730,Temperature,25.1
1626852689755,Humidity,45.22
1626852689768,Pressure,995.15
1626852690730,Temperature,25.2
1626852690763,Humidity,45.22
1626852690778,Pressure,995.15
1626852691729,Temperature,25.1
1626852691751,Humidity,45.21
1626852691753,Pressure,995.17
1626852692730,Temperature,25.1
1626852692755,Humidity,45.22
1626852692768,Pressure,995.15
1626852693730,Temperature,25.1
1626852693756,Humidity,45.22
1626852693766,Pressure,995.15
1626852694729,Temperature,25.1
1626852694754,Humidity,45.22
1626852694767,Pressure,995.2
1626852695731,Temperature,25.1
1626852695762,Humidity,45.23
1626852695765,Pressure,995.18
1626852696730,Temperature,25.1
1626852696755,Humidity,45.21
1626852696768,Pressure,995.18
1626852697730,Temperature,25.1
1626852697765,Humidity,45.21
1626852697768,Pressure,995.17
1626852698729,Temperature,25.1
1626852698759,Humidity,45.21
1626852698767,Pressure,995.18
1626852699730,Temperature,25.1
1626852699755,Humidity,45.22
1626852699768,Pressure,995.13
1626852700729,Temperature,25.1
1626852700755,Humidity,45.21
1626852700768,Pressure,995.15
1626852701730,Temperature,25.2
1626852701763,Humidity,45.19
1626852701776,Pressure,995.17
1626852702730,Temperature,25.2
1626852702762,Humidity,45.2
1626852702764,Pressure,995.11
1626852703730,Temperature,25.2
1626852703755,Humidity,45.2
1626852703768,Pressure,995.21
1626852704730,Temperature,25.2
1626852704763,Humidity,45.2
1626852704775,Pressure,995.15
1626852705730,Temperature,25.2
1626852705761,Humidity,45.19
1626852705763,Pressure,995.15
1626852706730,Temperature,25.2
1626852706755,Humidity,45.19
1626852706775,Pressure,995.17
1626852707729,Temperature,25.2
1626852707761,Humidity,45.19
1626852707764,Pressure,995.22
1626852708730,Temperature,25.2
1626852708761,Humidity,45.17
1626852708764,Pressure,995.21
1626852709730,Temperature,25.2
1626852709765,Humidity,45.19
1626852709768,Pressure,995.15
1626852710730,Temperature,25.2
1626852710754,Humidity,45.17
1626852710767,Pressure,995.22
1626852711730,Temperature,25.2
1626852711766,Humidity,45.19
1626852711776,Pressure,995.2
1626852712729,Temperature,25.2
1626852712753,Humidity,45.19
1626852712776,Pressure,995.2
1626852713730,Temperature,25.2
1626852713754,Humidity,45.16
1626852713767,Pressure,995.18
1626852714730,Temperature,25.2
1626852714766,Humidity,45.16
1626852714769,Pressure,995.17
1626852715729,Temperature,25.2
1626852715765,Humidity,45.16
1626852715768,Pressure,995.2
1626852716730,Temperature,25.2
1626852716765,Humidity,45.15
1626852716775,Pressure,995.21
1626852717729,Temperature,25.2
1626852717753,Humidity,45.14
1626852717767,Pressure,995.2
1626852718729,Temperature,25.2
1626852718763,Humidity,45.15
1626852718776,Pressure,995.17
1626852719730,Temperature,25.2
1626852719755,Humidity,45.12
1626852719766,Pressure,995.14
1626852720730,Temperature,25.2
1626852720760,Humidity,45.15
1626852720763,Pressure,995.17
1626852721730,Temperature,25.2
1626852721752,Humidity,45.11
1626852721754,Pressure,995.17
1626852722730,Temperature,25.2
1626852722755,Humidity,45.12
1626852722768,Pressure,995.17
1626852723730,Temperature,25.2
1626852723776,Humidity,45.12
1626852723778,Pressure,995.18
1626852724730,Temperature,25.2
1626852724749,Humidity,45.12
1626852724752,Pressure,995.15
1626852725729,Temperature,25.2
1626852725753,Humidity,45.14
1626852725766,Pressure,995.2
1626852726730,Temperature,25.2
1626852726763,Humidity,45.15
1626852726783,Pressure,995.13
1626852727729,Temperature,25.2
1626852727765,Humidity,45.12
1626852727768,Pressure,995.18
1626852728730,Temperature,25.2
1626852728749,Humidity,45.12
1626852728752,Pressure,995.17
1626852729730,Temperature,25.2
1626852729761,Humidity,45.12
1626852729764,Pressure,995.13
1626852730729,Temperature,25.2
1626852730755,Humidity,45.11
1626852730768,Pressure,995.12
1626852731730,Temperature,25.2
1626852731766,Humidity,45.11
1626852731768,Pressure,995.12
1626852732729,Temperature,25.2
1626852732752,Humidity,45.09
1626852732775,Pressure,995.18
1626852733730,Temperature,25.2
1626852733767,Humidity,45.09
1626852733769,Pressure,995.16
1626852734730,Temperature,25.2
1626852734763,Humidity,45.11
1626852734776,Pressure,995.18
1626852735729,Temperature,25.2
1626852735763,Humidity,45.09
1626852735776,Pressure,995.16
1626852736730,Temperature,25.2
1626852736750,Humidity,45.09
1626852736752,Pressure,995.17
1626852737729,Temperature,25.2
1626852737762,Humidity,45.12
1626852737776,Pressure,995.17
1626852738730,Temperature,25.2
1626852738755,Humidity,45.07
1626852738768,Pressure,995.2
1626852739730,Temperature,25.2
1626852739765,Humidity,45.07
1626852739768,Pressure,995.17
1626852740729,Temperature,25.2
1626852740762,Humidity,45.06
1626852740765,Pressure,995.17
1626852741729,Temperature,25.2
1626852741763,Humidity,45.06
1626852741776,Pressure,995.16
1626852742730,Temperature,25.2
1626852742767,Humidity,45.06
1626852742786,Pressure,995.14
1626852743729,Temperature,25.2
1626852743753,Humidity,45.05
1626852743776,Pressure,995.17
1626852744730,Temperature,25.2
1626852744766,Humidity,45.05
1626852744769,Pressure,995.18
1626852745730,Temperature,25.2
1626852745761,Humidity,45.05
1626852745771,Pressure,995.21
1626852746730,Temperature,25.2
1626852746754,Humidity,45.05
1626852746767,Pressure,995.2
1626852747729,Temperature,25.2
1626852747759,Humidity,45.04
1626852747774,Pressure,995.13
1626852748730,Temperature,25.2
1626852748760,Humidity,45.04
1626852748768,Pressure,995.17
1626852749729,Temperature,25.2
1626852749755,Humidity,45.04
1626852749768,Pressure,995.2
1626852750729,Temperature,25.2
1626852750755,Humidity,45.01
1626852750768,Pressure,995.19
1626852751730,Temperature,25.2
1626852751760,Humidity,45.02
1626852751763,Pressure,995.14
1626852752730,Temperature,25.2
1626852752751,Humidity,45.01
1626852752754,Pressure,995.16
1626852753730,Temperature,25.2
1626852753763,Humidity,45.01
1626852753775,Pressure,995.16
1626852754729,Temperature,25.2
1626852754753,Humidity,45.01
1626852754776,Pressure,995.17
1626852755729,Temperature,25.2
1626852755758,Humidity,45.01
1626852755766,Pressure,995.07
1626852756730,Temperature,25.2
1626852756765,Humidity,44.99
1626852756768,Pressure,995.16
1626852757729,Temperature,25.2
1626852757775,Humidity,45.01
1626852757785,Pressure,995.23
1626852758730,Temperature,25.2
1626852758762,Humidity,45.0
1626852758765,Pressure,995.18
1626852759729,Temperature,25.2
1626852759771,Humidity,44.99
1626852759773,Pressure,995.1
1626852760729,Temperature,25.2
1626852760763,Humidity,44.99
1626852760776,Pressure,995.19
1626852761730,Temperature,25.2
1626852761762,Humidity,44.99
1626852761775,Pressure,995.17
1626852762730,Temperature,25.2
1626852762763,Humidity,44.96
1626852762776,Pressure,995.19
1626852763729,Temperature,25.2
1626852763755,Humidity,44.97
1626852763768,Pressure,995.2
1626852764730,Temperature,25.2
1626852764762,Humidity,44.96
1626852764765,Pressure,995.19
1626852765729,Temperature,25.2
1626852765767,Humidity,44.97
1626852765770,Pressure,995.17
1626852766729,Temperature,25.2
1626852766754,Humidity,44.97
1626852766777,Pressure,995.19
1626852767730,Temperature,25.2
1626852767767,Humidity,44.95
1626852767770,Pressure,995.16
1626852768730,Temperature,25.2
1626852768763,Humidity,44.95
1626852768776,Pressure,995.17
1626852769729,Temperature,25.2
1626852769762,Humidity,44.94
1626852769775,Pressure,995.14
1626852770730,Temperature,25.2
1626852770752,Humidity,44.94
1626852770754,Pressure,995.2
1626852771730,Temperature,25.2
1626852771754,Humidity,44.92
1626852771768,Pressure,995.2
1626852772729,Temperature,25.2
1626852772761,Humidity,44.92
1626852772764,Pressure,995.19
1626852773729,Temperature,25.2
1626852773769,Humidity,44.94
1626852773777,Pressure,995.23
1626852774729,Temperature,25.2
1626852774776,Humidity,44.94
1626852774779,Pressure,995.19
1626852775729,Temperature,25.2
1626852775765,Humidity,44.92
1626852775768,Pressure,995.16
1626852776730,Temperature,25.2
1626852776760,Humidity,44.91
1626852776763,Pressure,995.17
1626852777729,Temperature,25.2
1626852777765,Humidity,44.92
1626852777768,Pressure,995.21
1626852778729,Temperature,25.2
1626852778758,Humidity,44.91
1626852778776,Pressure,995.23
1626852779730,Temperature,25.2
1626852779765,Humidity,44.92
1626852779768,Pressure,995.19
1626852780729,Temperature,25.2
1626852780757,Humidity,44.91
1626852780768,Pressure,995.17
1626852781729,Temperature,25.2
1626852781754,Humidity,44.89
1626852781756,Pressure,995.23
1626852782729,Temperature,25.2
1626852782752,Humidity,44.9
1626852782754,Pressure,995.2
1626852783728,Temperature,25.2
1626852783755,Humidity,44.89
1626852783763,Pressure,995.14
1626852784730,Temperature,25.2
1626852784751,Humidity,44.89
1626852784776,Pressure,995.16
1626852785729,Temperature,25.2
1626852785752,Humidity,44.91
1626852785754,Pressure,995.16
1626852786730,Temperature,25.2
1626852786765,Humidity,44.89
1626852786768,Pressure,995.23
1626852787729,Temperature,25.2
1626852787755,Humidity,44.86
1626852787766,Pressure,995.21
1626852788730,Temperature,25.2
1626852788770,Humidity,44.89
1626852788773,Pressure,995.16
1626852789729,Temperature,25.2
1626852789762,Humidity,44.89
1626852789765,Pressure,995.12
1626852790730,Temperature,25.2
1626852790761,Humidity,44.87
1626852790764,Pressure,995.21
1626852791729,Temperature,25.2
1626852791754,Humidity,44.88
1626852791767,Pressure,995.17
1626852792729,Temperature,25.2
1626852792752,Humidity,44.87
1626852792754,Pressure,995.16
1626852793730,Temperature,25.2
1626852793766,Humidity,44.87
1626852793769,Pressure,995.17
1626852794730,Temperature,25.2
1626852794751,Humidity,44.86
1626852794754,Pressure,995.13
1626852795729,Temperature,25.2
1626852795760,Humidity,44.85
1626852795763,Pressure,995.17
1626852796730,Temperature,25.2
1626852796751,Humidity,44.86
1626852796754,Pressure,995.17
1626852797729,Temperature,25.2
1626852797756,Humidity,44.85
1626852797767,Pressure,995.15
1626852798729,Temperature,25.2
1626852798762,Humidity,44.86
1626852798775,Pressure,995.13
1626852799729,Temperature,25.2
1626852799760,Humidity,44.84
1626852799767,Pressure,995.2
1626852800729,Temperature,25.2
1626852800750,Humidity,44.85
1626852800753,Pressure,995.19
1626852801729,Temperature,25.2
1626852801765,Humidity,44.85
1626852801768,Pressure,995.2
1626852802729,Temperature,25.2
1626852802763,Humidity,44.85
1626852802776,Pressure,995.21
1626852803729,Temperature,25.2
1626852803764,Humidity,44.84
1626852803777,Pressure,995.19
1626852804728,Temperature,25.2
1626852804760,Humidity,44.85
1626852804763,Pressure,995.2
1626852805729,Temperature,25.2
1626852805762,Humidity,44.84
1626852805770,Pressure,995.21
1626852806728,Temperature,25.2
1626852806763,Humidity,44.82
1626852806775,Pressure,995.2
1626852807729,Temperature,25.2
1626852807761,Humidity,44.84
1626852807764,Pressure,995.16
1626852808729,Temperature,25.2
1626852808771,Humidity,44.82
1626852808773,Pressure,995.21
1626852809729,Temperature,25.2
1626852809760,Humidity,44.82
1626852809763,Pressure,995.15
1626852810729,Temperature,25.2
1626852810762,Humidity,44.82
1626852810770,Pressure,995.19
1626852811728,Temperature,25.2
1626852811758,Humidity,44.82
1626852811770,Pressure,995.21
1626852812729,Temperature,25.2
1626852812759,Humidity,44.82
1626852812762,Pressure,995.19
1626852813728,Temperature,25.2
1626852813761,Humidity,44.82
1626852813764,Pressure,995.17
1626852814729,Temperature,25.2
1626852814765,Humidity,44.82
1626852814768,Pressure,995.19
1626852815729,Temperature,25.2
1626852815771,Humidity,44.8
1626852815774,Pressure,995.2
1626852816730,Temperature,25.2
1626852816766,Humidity,44.81
1626852816769,Pressure,995.12
1626852817729,Temperature,25.2
1626852817761,Humidity,44.81
1626852817764,Pressure,995.17
1626852818728,Temperature,25.2
1626852818755,Humidity,44.81
1626852818768,Pressure,995.1
1626852819729,Temperature,25.2
1626852819759,Humidity,44.82
1626852819767,Pressure,995.13
1626852820729,Temperature,25.2
1626852820750,Humidity,44.81
1626852820752,Pressure,995.15
1626852821729,Temperature,25.2
1626852821763,Humidity,44.79
1626852821775,Pressure,995.17
1626852822729,Temperature,25.2
1626852822762,Humidity,44.81
1626852822765,Pressure,995.16
1626852823729,Temperature,25.2
1626852823756,Humidity,44.79
1626852823766,Pressure,995.2
1626852824729,Temperature,25.2
1626852824755,Humidity,44.8
1626852824768,Pressure,995.17
1626852825729,Temperature,25.2
1626852825761,Humidity,44.8
1626852825763,Pressure,995.16
1626852826729,Temperature,25.2
1626852826759,Humidity,44.77
1626852826762,Pressure,995.16
1626852827729,Temperature,25.2
1626852827753,Humidity,44.77
1626852827776,Pressure,995.19
1626852828729,Temperature,25.2
1626852828761,Humidity,44.76
1626852828764,Pressure,995.2
1626852829729,Temperature,25.2
1626852829766,Humidity,44.78
1626852829769,Pressure,995.2
1626852830729,Temperature,25.2
1626852830763,Humidity,44.8
1626852830776,Pressure,995.2
1626852831728,Temperature,25.2
1626852831750,Humidity,44.76
1626852831752,Pressure,995.2
1626852832729,Temperature,25.2
1626852832751,Humidity,44.76
1626852832753,Pressure,995.19
1626852833728,Temperature,25.2
1626852833768,Humidity,44.75
1626852833770,Pressure,995.17
1626852834729,Temperature,25.2
1626852834761,Humidity,44.75
1626852834764,Pressure,995.19
1626852835729,Temperature,25.2
1626852835768,Humidity,44.75
1626852835770,Pressure,995.17
1626852836728,Temperature,25.2
1626852836755,Humidity,44.75
1626852836758,Pressure,995.15
1626852837729,Temperature,25.2
1626852837754,Humidity,44.74
1626852837767,Pressure,995.17
1626852838728,Temperature,25.2
1626852838760,Humidity,44.75
1626852838762,Pressure,995.1
1626852839729,Temperature,25.2
1626852839767,Humidity,44.73
1626852839769,Pressure,995.12
1626852840729,Temperature,25.2
1626852840761,Humidity,44.74
1626852840763,Pressure,995.21
1626852841728,Temperature,25.2
1626852841751,Humidity,44.71
1626852841753,Pressure,995.2
1626852842729,Temperature,25.2
1626852842757,Humidity,44.73
1626852842765,Pressure,995.24
1626852843729,Temperature,25.2
1626852843755,Humidity,44.71
1626852843778,Pressure,995.17
1626852844729,Temperature,25.2
1626852844763,Humidity,44.71
1626852844776,Pressure,995.13
1626852845729,Temperature,25.2
1626852845751,Humidity,44.73
1626852845767,Pressure,995.16
1626852846728,Temperature,25.2
1626852846763,Humidity,44.73
1626852846776,Pressure,995.16
1626852847729,Temperature,25.2
1626852847769,Humidity,44.71
1626852847773,Pressure,995.17
1626852848729,Temperature,25.2
1626852848755,Humidity,44.73
1626852848768,Pressure,995.19
1626852849728,Temperature,25.2
1626852849756,Humidity,44.7
1626852849766,Pressure,995.16
1626852850728,Temperature,25.2
1626852850763,Humidity,44.73
1626852850766,Pressure,995.13
1626852851729,Temperature,25.2
1626852851761,Humidity,44.71
1626852851763,Pressure,995.1
1626852852729,Temperature,25.2
1626852852770,Humidity,44.7
1626852852787,Pressure,995.2
1626852853729,Temperature,25.2
1626852853765,Humidity,44.71
1626852853768,Pressure,995.15
1626852854729,Temperature,25.2
1626852854768,Humidity,44.71
1626852854771,Pressure,995.16
1626852855728,Temperature,25.2
1626852855751,Humidity,44.71
1626852855764,Pressure,995.15
1626852856729,Temperature,25.2
1626852856765,Humidity,44.7
1626852856768,Pressure,995.24
1626852857729,Temperature,25.2
1626852857762,Humidity,44.69
1626852857776,Pressure,995.17
1626852858728,Temperature,25.2
1626852858755,Humidity,44.7
1626852858767,Pressure,995.15
1626852859728,Temperature,25.2
1626852859755,Humidity,44.7
1626852859766,Pressure,995.16
1626852860728,Temperature,25.2
1626852860763,Humidity,44.7
1626852860775,Pressure,995.15
1626852861728,Temperature,25.2
1626852861752,Humidity,44.7
1626852861755,Pressure,995.15
1626852862729,Temperature,25.2
1626852862767,Humidity,44.7
1626852862769,Pressure,995.19
1626852863729,Temperature,25.2
1626852863757,Humidity,44.68
1626852863760,Pressure,995.17
1626852864728,Temperature,25.2
1626852864755,Humidity,44.69
1626852864768,Pressure,995.12
1626852865728,Temperature,25.2
1626852865757,Humidity,44.68
1626852865760,Pressure,995.15
1626852866728,Temperature,25.2
1626852866760,Humidity,44.69
1626852866763,Pressure,995.2
1626852867729,Temperature,25.2
1626852867755,Humidity,44.69
1626852867768,Pressure,995.17
1626852868728,Temperature,25.3
1626852868771,Humidity,44.67
1626852868786,Pressure,995.2
1626852869728,Temperature,25.2
1626852869758,Humidity,44.69
1626852869767,Pressure,995.16
1626852870729,Temperature,25.2
1626852870759,Humidity,44.69
1626852870762,Pressure,995.19
1626852871729,Temperature,25.3
1626852871761,Humidity,44.69
1626852871764,Pressure,995.15
1626852872728,Temperature,25.2
1626852872763,Humidity,44.68
1626852872776,Pressure,995.21
1626852873728,Temperature,25.3
1626852873751,Humidity,44.66
1626852873753,Pressure,995.17
1626852874729,Temperature,25.2
1626852874755,Humidity,44.66
1626852874768,Pressure,995.21
1626852875728,Temperature,25.3
1626852875753,Humidity,44.66
1626852875776,Pressure,995.17
1626852876729,Temperature,25.3
1626852876763,Humidity,44.66
1626852876776,Pressure,995.2
1626852877728,Temperature,25.3
1626852877761,Humidity,44.67
1626852877764,Pressure,995.17
1626852878728,Temperature,25.2
1626852878755,Humidity,44.65
1626852878766,Pressure,995.17
1626852879729,Temperature,25.2
1626852879766,Humidity,44.66
1626852879777,Pressure,995.15
1626852880729,Temperature,25.2
1626852880750,Humidity,44.65
1626852880753,Pressure,995.19
1626852881728,Temperature,25.3
1626852881766,Humidity,44.66
1626852881769,Pressure,995.2
1626852882729,Temperature,25.2
1626852882755,Humidity,44.66
1626852882767,Pressure,995.16
1626852883728,Temperature,25.2
1626852883763,Humidity,44.65
1626852883776,Pressure,995.16
1626852884728,Temperature,25.2
1626852884755,Humidity,44.65
1626852884773,Pressure,995.16
1626852885729,Temperature,25.2
1626852885756,Humidity,44.65
1626852885766,Pressure,995.17
1626852886728,Temperature,25.3
1626852886758,Humidity,44.65
1626852886760,Pressure,995.19
1626852887729,Temperature,25.3
1626852887760,Humidity,44.65
1626852887763,Pressure,995.23
1626852888728,Temperature,25.3
1626852888755,Humidity,44.65
1626852888758,Pressure,995.17
1626852889727,Temperature,25.3
1626852889760,Humidity,44.64
1626852889762,Pressure,995.26
1626852890728,Temperature,25.3
1626852890759,Humidity,44.65
1626852890761,Pressure,995.16
1626852891728,Temperature,25.3
1626852891758,Humidity,44.64
1626852891767,Pressure,995.16
1626852892729,Temperature,25.3
1626852892763,Humidity,44.64
1626852892771,Pressure,995.24
1626852893728,Temperature,25.3
1626852893751,Humidity,44.64
1626852893766,Pressure,995.2
1626852894729,Temperature,25.3
1626852894757,Humidity,44.63
1626852894759,Pressure,995.23
1626852895728,Temperature,25.3
1626852895751,Humidity,44.63
1626852895753,Pressure,995.23
1626852896727,Temperature,25.3
1626852896752,Humidity,44.62
1626852896754,Pressure,995.2
1626852897728,Temperature,25.3
1626852897757,Humidity,44.63
1626852897775,Pressure,995.19
1626852898728,Temperature,25.3
1626852898752,Humidity,44.63
1626852898754,Pressure,995.16
1626852899729,Temperature,25.3
1626852899761,Humidity,44.61
1626852899764,Pressure,995.17
1626852900728,Temperature,25.3
1626852900755,Humidity,44.61
1626852900766,Pressure,995.17
1626852901728,Temperature,25.3
1626852901762,Humidity,44.61
1626852901764,Pressure,995.17
1626852902728,Temperature,25.3
1626852902745,Humidity,44.61
1626852902757,Pressure,995.2
1626852903727,Temperature,25.3
1626852903762,Humidity,44.6
1626852903764,Pressure,995.19
1626852904729,Temperature,25.3
1626852904750,Humidity,44.61
1626852904752,Pressure,995.19
1626852905729,Temperature,25.3
1626852905752,Humidity,44.61
1626852905775,Pressure,995.19
1626852906728,Temperature,25.3
1626852906766,Humidity,44.61
1626852906769,Pressure,995.19
1626852907728,Temperature,25.3
1626852907755,Humidity,44.6
1626852907766,Pressure,995.2
1626852908729,Temperature,25.3
1626852908755,Humidity,44.61
1626852908768,Pressure,995.13
1626852909728,Temperature,25.3
1626852909750,Humidity,44.6
1626852909752,Pressure,995.2
1626852910728,Temperature,25.3
1626852910776,Humidity,44.6
1626852910778,Pressure,995.24
1626852911729,Temperature,25.3
1626852911755,Humidity,44.6
1626852911775,Pressure,995.19
1626852912729,Temperature,25.3
1626852912750,Humidity,44.61
1626852912753,Pressure,995.17
1626852913728,Temperature,25.3
1626852913759,Humidity,44.6
1626852913762,Pressure,995.16
1626852914729,Temperature,25.3
1626852914770,Humidity,44.6
1626852914773,Pressure,995.2
1626852915728,Temperature,25.3
1626852915763,Humidity,44.6
1626852915776,Pressure,995.17
1626852916727,Temperature,25.3
1626852916751,Humidity,44.59
1626852916753,Pressure,995.15
1626852917728,Temperature,25.3
1626852917759,Humidity,44.59
1626852917761,Pressure,995.2
1626852918728,Temperature,25.3
1626852918760,Humidity,44.59
1626852918763,Pressure,995.17
1626852919728,Temperature,25.3
1626852919759,Humidity,44.58
1626852919762,Pressure,995.17
1626852920728,Temperature,25.3
1626852920760,Humidity,44.59
1626852920763,Pressure,995.22
1626852921728,Temperature,25.3
1626852921758,Humidity,44.59
1626852921760,Pressure,995.2
1626852922728,Temperature,25.3
1626852922753,Humidity,44.6
1626852922755,Pressure,995.16
1626852923727,Temperature,25.3
1626852923759,Humidity,44.59
1626852923761,Pressure,995.23
1626852924728,Temperature,25.3
1626852924760,Humidity,44.58
1626852924762,Pressure,995.16
1626852925728,Temperature,25.3
1626852925751,Humidity,44.59
1626852925754,Pressure,995.2
1626852926728,Temperature,25.3
1626852926755,Humidity,44.59
1626852926766,Pressure,995.2
1626852927728,Temperature,25.3
1626852927751,Humidity,44.56
1626852927754,Pressure,995.12
1626852928728,Temperature,25.3
1626852928757,Humidity,44.58
1626852928775,Pressure,995.13
1626852929728,Temperature,25.3
1626852929755,Humidity,44.58
1626852929767,Pressure,995.15
1626852930728,Temperature,25.3
1626852930755,Humidity,44.56
1626852930768,Pressure,995.17
1626852931728,Temperature,25.3
1626852931752,Humidity,44.56
1626852931775,Pressure,995.15
1626852932728,Temperature,25.3
1626852932753,Humidity,44.56
1626852932772,Pressure,995.19
1626852933728,Temperature,25.3
1626852933754,Humidity,44.57
1626852933767,Pressure,995.15
1626852934728,Temperature,25.3
1626852934752,Humidity,44.55
1626852934754,Pressure,995.14
1626852935728,Temperature,25.3
1626852935766,Humidity,44.56
1626852935768,Pressure,995.2
1626852936728,Temperature,25.3
1626852936776,Humidity,44.56
1626852936778,Pressure,995.16
1626852937728,Temperature,25.3
1626852937758,Humidity,44.55
1626852937776,Pressure,995.19
1626852938728,Temperature,25.3
1626852938768,Humidity,44.56
1626852938786,Pressure,995.15
1626852939728,Temperature,25.3
1626852939754,Humidity,44.55
1626852939767,Pressure,995.2
1626852940727,Temperature,25.3
1626852940760,Humidity,44.54
1626852940762,Pressure,995.2
1626852941727,Temperature,25.3
1626852941757,Humidity,44.55
1626852941759,Pressure,995.18
1626852942728,Temperature,25.3
1626852942760,Humidity,44.55
1626852942762,Pressure,995.2
1626852943728,Temperature,25.3
1626852943761,Humidity,44.55
1626852943764,Pressure,995.2
1626852944728,Temperature,25.3
1626852944754,Humidity,44.55
1626852944777,Pressure,995.2
1626852945727,Temperature,25.3
1626852945751,Humidity,44.55
1626852945753,Pressure,995.2
1626852946727,Temperature,25.3
1626852946750,Humidity,44.55
1626852946752,Pressure,995.16
1626852947727,Temperature,25.3
1626852947755,Humidity,44.55
1626852947766,Pressure,995.17
1626852948728,Temperature,25.3
1626852948759,Humidity,44.54
1626852948762,Pressure,995.15
1626852949728,Temperature,25.3
1626852949755,Humidity,44.54
1626852949766,Pressure,995.12
1626852950728,Temperature,25.3
1626852950755,Humidity,44.54
1626852950766,Pressure,995.13
1626852951728,Temperature,25.3
1626852951760,Humidity,44.53
1626852951762,Pressure,995.15
1626852952728,Temperature,25.3
1626852952755,Humidity,44.53
1626852952766,Pressure,995.17
1626852953728,Temperature,25.3
1626852953753,Humidity,44.52
1626852953775,Pressure,995.18
1626852954728,Temperature,25.3
1626852954764,Humidity,44.53
1626852954768,Pressure,995.12
1626852955727,Temperature,25.3
1626852955756,Humidity,44.51
1626852955758,Pressure,995.12
1626852956727,Temperature,25.3
1626852956749,Humidity,44.51
1626852956751,Pressure,995.15
1626852957728,Temperature,25.3
1626852957766,Humidity,44.51
1626852957768,Pressure,995.15
1626852958727,Temperature,25.3
1626852958755,Humidity,44.51
1626852958766,Pressure,995.15
1626852959728,Temperature,25.3
1626852959765,Humidity,44.51
1626852959777,Pressure,995.19
1626852960727,Temperature,25.3
1626852960760,Humidity,44.51
1626852960762,Pressure,995.19
1626852961727,Temperature,25.3
1626852961751,Humidity,44.49
1626852961753,Pressure,995.18
1626852962728,Temperature,25.3
1626852962753,Humidity,44.5
1626852962776,Pressure,995.18
1626852963727,Temperature,25.3
1626852963755,Humidity,44.5
1626852963766,Pressure,995.18
1626852964728,Temperature,25.3
1626852964755,Humidity,44.5
1626852964773,Pressure,995.18
1626852965728,Temperature,25.3
1626852965764,Humidity,44.48
1626852965777,Pressure,995.19
1626852966728,Temperature,25.3
1626852966751,Humidity,44.48
1626852966753,Pressure,995.16
1626852967727,Temperature,25.3
1626852967759,Humidity,44.51
1626852967762,Pressure,995.12
1626852968727,Temperature,25.3
1626852968760,Humidity,44.5
1626852968763,Pressure,995.15
1626852969728,Temperature,25.3
1626852969751,Humidity,44.46
1626852969754,Pressure,995.15
1626852970728,Temperature,25.3
1626852970761,Humidity,44.48
1626852970764,Pressure,995.12
1626852971728,Temperature,25.3
1626852971757,Humidity,44.46
1626852971760,Pressure,995.18
1626852972727,Temperature,25.3
1626852972751,Humidity,44.49
1626852972753,Pressure,995.11
1626852973727,Temperature,25.3
1626852973757,Humidity,44.45
1626852973759,Pressure,995.15
1626852974728,Temperature,25.3
1626852974753,Humidity,44.46
1626852974772,Pressure,995.18
1626852975728,Temperature,25.3
1626852975764,Humidity,44.46
1626852975770,Pressure,995.2
1626852976727,Temperature,25.3
1626852976755,Humidity,44.46
1626852976766,Pressure,995.19
1626852977728,Temperature,25.3
1626852977756,Humidity,44.48
1626852977759,Pressure,995.15
1626852978727,Temperature,25.3
1626852978751,Humidity,44.46
1626852978753,Pressure,995.19
1626852979727,Temperature,25.3
1626852979759,Humidity,44.46
1626852979761,Pressure,995.19
1626852980728,Temperature,25.3
1626852980767,Humidity,44.45
1626852980771,Pressure,995.16
1626852981728,Temperature,25.3
1626852981749,Humidity,44.45
1626852981752,Pressure,995.16
1626852982728,Temperature,25.3
1626852982760,Humidity,44.46
1626852982762,Pressure,995.2
1626852983728,Temperature,25.3
1626852983745,Humidity,44.45
1626852983769,Pressure,995.12
1626852984727,Temperature,25.3
1626852984751,Humidity,44.45
1626852984753,Pressure,995.12
1626852985728,Temperature,25.3
1626852985750,Humidity,44.45
1626852985752,Pressure,995.15
1626852986728,Temperature,25.3
1626852986759,Humidity,44.45
1626852986762,Pressure,995.19
1626852987728,Temperature,25.3
1626852987761,Humidity,44.44
1626852987764,Pressure,995.18
1626852988728,Temperature,25.3
1626852988758,Humidity,44.44
1626852988768,Pressure,995.15
1626852989727,Temperature,25.3
1626852989759,Humidity,44.45
1626852989762,Pressure,995.22
1626852990727,Temperature,25.3
1626852990759,Humidity,44.44
1626852990761,Pressure,995.18
1626852991727,Temperature,25.3
1626852991768,Humidity,44.44
1626852991772,Pressure,995.16
1626852992727,Temperature,25.3
1626852992751,Humidity,44.44
1626852992777,Pressure,995.18
1626852993730,Temperature,25.3
1626852993771,Humidity,44.41
1626852993773,Pressure,995.16
1626852994727,Temperature,25.3
1626852994755,Humidity,44.41
1626852994766,Pressure,995.18
1626852995728,Temperature,25.3
1626852995757,Humidity,44.44
1626852995776,Pressure,995.18
1626852996728,Temperature,25.3
1626852996752,Humidity,44.41
1626852996755,Pressure,995.14
1626852997727,Temperature,25.3
1626852997752,Humidity,44.41
1626852997754,Pressure,995.16
1626852998727,Temperature,25.3
1626852998749,Humidity,44.42
1626852998751,Pressure,995.15
1626852999728,Temperature,25.3
1626852999763,Humidity,44.44
1626852999770,Pressure,995.2
1626853000727,Temperature,25.3
1626853000760,Humidity,44.41
1626853000763,Pressure,995.18
1626853001728,Temperature,25.3
1626853001767,Humidity,44.41
1626853001770,Pressure,995.18
1626853002727,Temperature,25.3
1626853002751,Humidity,44.41
1626853002753,Pressure,995.16
1626853003727,Temperature,25.3
1626853003762,Humidity,44.41
1626853003764,Pressure,995.18
1626853004728,Temperature,25.3
1626853004750,Humidity,44.41
1626853004752,Pressure,995.22
1626853005727,Temperature,25.3
1626853005762,Humidity,44.39
1626853005764,Pressure,995.19
1626853006728,Temperature,25.3
1626853006762,Humidity,44.41
1626853006766,Pressure,995.19
1626853007727,Temperature,25.3
1626853007761,Humidity,44.4
1626853007764,Pressure,995.19
1626853008727,Temperature,25.3
1626853008751,Humidity,44.4
1626853008753,Pressure,995.19
1626853009728,Temperature,25.3
1626853009752,Humidity,44.39
1626853009755,Pressure,995.19
1626853010728,Temperature,25.3
1626853010761,Humidity,44.39
1626853010764,Pressure,995.19
1626853011727,Temperature,25.3
1626853011757,Humidity,44.4
1626853011760,Pressure,995.16
1626853012727,Temperature,25.3
1626853012751,Humidity,44.39
1626853012767,Pressure,995.18
1626853013727,Temperature,25.3
1626853013751,Humidity,44.39
1626853013753,Pressure,995.14
1626853014728,Temperature,25.3
1626853014758,Humidity,44.37
1626853014766,Pressure,995.16
1626853015728,Temperature,25.3
1626853015758,Humidity,44.39
1626853015761,Pressure,995.15
1626853016727,Temperature,25.3
1626853016755,Humidity,44.39
1626853016762,Pressure,995.16
1626853017728,Temperature,25.3
1626853017776,Humidity,44.37
1626853017785,Pressure,995.25
1626853018727,Temperature,25.3
1626853018744,Humidity,44.39
1626853018756,Pressure,995.23
1626853019727,Temperature,25.3
1626853019752,Humidity,44.37
1626853019754,Pressure,995.19
1626853020729,Temperature,25.3
1626853020766,Humidity,44.37
1626853020768,Pressure,995.21
1626853021727,Temperature,25.3
1626853021749,Humidity,44.37
1626853021766,Pressure,995.15
1626853022727,Temperature,25.3
1626853022757,Humidity,44.36
1626853022760,Pressure,995.19
1626853023728,Temperature,25.3
1626853023759,Humidity,44.36
1626853023763,Pressure,995.15
1626853024727,Temperature,25.3
1626853024758,Humidity,44.35
1626853024760,Pressure,995.19
1626853025728,Temperature,25.3
1626853025765,Humidity,44.36
1626853025778,Pressure,995.16
1626853026727,Temperature,25.3
1626853026751,Humidity,44.36
1626853026757,Pressure,995.18
1626853027727,Temperature,25.3
1626853027751,Humidity,44.35
1626853027753,Pressure,995.19
1626853028728,Temperature,25.3
1626853028760,Humidity,44.36
1626853028770,Pressure,995.15
1626853029727,Temperature,25.3
1626853029751,Humidity,44.36
1626853029753,Pressure,995.15
1626853030727,Temperature,25.3
1626853030758,Humidity,44.34
1626853030760,Pressure,995.16
1626853031727,Temperature,25.3
1626853031744,Humidity,44.36
1626853031757,Pressure,995.11
1626853032727,Temperature,25.3
1626853032763,Humidity,44.35
1626853032766,Pressure,995.19
1626853033728,Temperature,25.3
1626853033751,Humidity,44.34
1626853033753,Pressure,995.14
1626853034728,Temperature,25.3
1626853034755,Humidity,44.34
1626853034766,Pressure,995.16
1626853035728,Temperature,25.3
1626853035757,Humidity,44.35
1626853035760,Pressure,995.19
1626853036727,Temperature,25.3
1626853036751,Humidity,44.34
1626853036760,Pressure,995.15
1626853037727,Temperature,25.3
1626853037757,Humidity,44.32
1626853037759,Pressure,995.22
1626853038727,Temperature,25.3
1626853038757,Humidity,44.32
1626853038760,Pressure,995.15
1626853039728,Temperature,25.3
1626853039767,Humidity,44.32
1626853039769,Pressure,995.22
1626853040727,Temperature,25.3
1626853040764,Humidity,44.32
1626853040769,Pressure,995.18
1626853041727,Temperature,25.3
1626853041761,Humidity,44.34
1626853041763,Pressure,995.18
1626853042727,Temperature,25.3
1626853042750,Humidity,44.32
1626853042752,Pressure,995.19
1626853043727,Temperature,25.3
1626853043761,Humidity,44.32
1626853043764,Pressure,995.23
1626853044728,Temperature,25.3
1626853044753,Humidity,44.31
1626853044767,Pressure,995.19
1626853045728,Temperature,25.3
1626853045763,Humidity,44.3
1626853045776,Pressure,995.19
1626853046726,Temperature,25.3
1626853046751,Humidity,44.32
1626853046753,Pressure,995.19
1626853047727,Temperature,25.3
1626853047749,Humidity,44.32
1626853047751,Pressure,995.19
1626853048727,Temperature,25.3
1626853048755,Humidity,44.3
1626853048766,Pressure,995.19
1626853049727,Temperature,25.3
1626853049762,Humidity,44.3
1626853049765,Pressure,995.18
1626853050728,Temperature,25.3
1626853050759,Humidity,44.31
1626853050762,Pressure,995.22
1626853051727,Temperature,25.3
1626853051744,Humidity,44.31
1626853051757,Pressure,995.21
1626853052727,Temperature,25.3
1626853052760,Humidity,44.29
1626853052762,Pressure,995.18
1626853053728,Temperature,25.3
1626853053759,Humidity,44.29
1626853053762,Pressure,995.18
1626853054726,Temperature,25.3
1626853054751,Humidity,44.3
1626853054753,Pressure,995.21
1626853055727,Temperature,25.3
1626853055749,Humidity,44.3
1626853055765,Pressure,995.19
1626853056727,Temperature,25.3
1626853056755,Humidity,44.29
1626853056758,Pressure,995.19
1626853057728,Temperature,25.3
1626853057755,Humidity,44.28
1626853057768,Pressure,995.12
1626853058727,Temperature,25.3
1626853058752,Humidity,44.27
1626853058754,Pressure,995.18
1626853059726,Temperature,25.3
1626853059751,Humidity,44.3
1626853059753,Pressure,995.16
1626853060727,Temperature,25.3
1626853060767,Humidity,44.28
1626853060769,Pressure,995.18
1626853061727,Temperature,25.3
1626853061767,Humidity,44.27
1626853061769,Pressure,995.18
1626853062727,Temperature,25.3
1626853062754,Humidity,44.29
1626853062777,Pressure,995.18
1626853063728,Temperature,25.3
1626853063760,Humidity,44.26
1626853063763,Pressure,995.18
1626853064727,Temperature,25.3
1626853064755,Humidity,44.26
1626853064757,Pressure,995.19
1626853065726,Temperature,25.3
1626853065751,Humidity,44.25
1626853065753,Pressure,995.19
1626853066728,Temperature,25.3
1626853066758,Humidity,44.28
1626853066765,Pressure,995.16
1626853067727,Temperature,25.3
1626853067744,Humidity,44.26
1626853067757,Pressure,995.23
1626853068727,Temperature,25.3
1626853068760,Humidity,44.26
1626853068762,Pressure,995.15
1626853069727,Temperature,25.3
1626853069760,Humidity,44.25
1626853069763,Pressure,995.18
1626853070727,Temperature,25.3
1626853070754,Humidity,44.27
1626853070767,Pressure,995.18
1626853071728,Temperature,25.3
1626853071765,Humidity,44.26
1626853071768,Pressure,995.15
1626853072727,Temperature,25.3
1626853072751,Humidity,44.27
1626853072753,Pressure,995.16
1626853073727,Temperature,25.3
1626853073751,Humidity,44.26
1626853073753,Pressure,995.15
1626853074728,Temperature,25.3
1626853074755,Humidity,44.24
1626853074768,Pressure,995.1
1626853075727,Temperature,25.3
1626853075776,Humidity,44.24
1626853075779,Pressure,995.22
1626853076728,Temperature,25.3
1626853076752,Humidity,44.24
1626853076754,Pressure,995.15
1626853077727,Temperature,25.3
1626853077761,Humidity,44.26
1626853077763,Pressure,995.14
1626853078726,Temperature,25.3
1626853078751,Humidity,44.25
1626853078753,Pressure,995.14
1626853079728,Temperature,25.3
1626853079755,Humidity,44.24
1626853079766,Pressure,995.18
1626853080727,Temperature,25.3
1626853080751,Humidity,44.25
1626853080753,Pressure,995.14
1626853081726,Temperature,25.3
1626853081760,Humidity,44.26
1626853081763,Pressure,995.15
1626853082727,Temperature,25.3
1626853082756,Humidity,44.24
1626853082758,Pressure,995.11
1626853083728,Temperature,25.3
1626853083757,Humidity,44.24
1626853083760,Pressure,995.19
1626853084727,Temperature,25.3
1626853084744,Humidity,44.25
1626853084756,Pressure,995.14
1626853085727,Temperature,25.3
1626853085751,Humidity,44.22
1626853085753,Pressure,995.18
1626853086728,Temperature,25.3
1626853086760,Humidity,44.23
1626853086763,Pressure,995.15
1626853087727,Temperature,25.3
1626853087757,Humidity,44.25
1626853087761,Pressure,995.18
1626853088726,Temperature,25.3
1626853088748,Humidity,44.22
1626853088750,Pressure,995.15
1626853089728,Temperature,25.3
1626853089755,Humidity,44.22
1626853089766,Pressure,995.21
1626853090727,Temperature,25.3
1626853090752,Humidity,44.24
1626853090754,Pressure,995.18
1626853091727,Temperature,25.3
1626853091760,Humidity,44.22
1626853091762,Pressure,995.15
1626853092728,Temperature,25.3
1626853092767,Humidity,44.2
1626853092771,Pressure,995.17
1626853093727,Temperature,25.3
1626853093752,Humidity,44.22
1626853093754,Pressure,995.17
1626853094727,Temperature,25.3
1626853094751,Humidity,44.21
1626853094753,Pressure,995.21
1626853095727,Temperature,25.3
1626853095755,Humidity,44.19
1626853095757,Pressure,995.17
1626853096728,Temperature,25.3
1626853096750,Humidity,44.21
1626853096752,Pressure,995.22
1626853097728,Temperature,25.3
1626853097755,Humidity,44.21
1626853097773,Pressure,995.21
1626853098726,Temperature,25.3
1626853098756,Humidity,44.2
1626853098758,Pressure,995.23
1626853099727,Temperature,25.3
1626853099758,Humidity,44.21
1626853099760,Pressure,995.26
1626853100728,Temperature,25.3
1626853100763,Humidity,44.19
1626853100775,Pressure,995.21
1626853101728,Temperature,25.3
1626853101763,Humidity,44.19
1626853101776,Pressure,995.19
1626853102728,Temperature,25.3
1626853102758,Humidity,44.21
1626853102769,Pressure,995.18
1626853103727,Temperature,25.3
1626853103775,Humidity,44.18
1626853103777,Pressure,995.18
